WARNING:root:undetected-chromedriver not available, using standard Selenium
WARNING:root:selenium-stealth not available, using basic stealth mode
ContentTypeDetector version: 2025-11-12a
Scanning...
id,url,author,title,wire_service
Found 245 articles
632bf384-b69a-4aec-ba7f-2db9772030cc,https://www.webstercountycitizen.com/news/national/article_cee2e6af-d4ab-533f-972f-fa17493cc46d.html,Afp Afp,Wall Street stocks rebound after positive jobs data,AFP
f7ed16eb-7a46-467c-b21e-2f069592abd5,https://www.webstercountycitizen.com/news/national/article_56cfe7dc-510e-5ec9-898d-3d336f9e7e51.html,Afp Afp,NY's Mamdani ready to discuss cost of living with Trump,AFP
7e36df1a-3597-41c5-bfe7-ca6752355dc5,https://www.webstercountycitizen.com/news/national/article_2e9e4098-901a-5896-b6d8-2761967a25eb.html,Afp Afp,FIFA announce new peace prize to be awarded at World Cup draw in Washington,AFP
180dc2a6-d48b-4ffa-b7c0-486e5022da17,https://www.bransontrilakesnews.com/news/national/article_921db16d-95f9-5a9f-8c02-9ae0a0c27f8b.html,Afp Afp,FIFA announce new peace prize to be awarded at World Cup draw in Washington,AFP
358851b6-56cb-4afb-9070-78737082c9bf,https://www.bransontrilakesnews.com/news/national/article_19b2a835-425e-5e76-b973-7a87c22415ee.html,Afp Afp,Martino returns as head coach of MLS Atlanta United,AFP
784f1d41-313a-447d-b523-8c443a3a87e6,https://www.bransontrilakesnews.com/news/national/article_4bda4d5d-bc42-5b87-84d1-ad2c0dc8a2f6.html,Afp Afp,League scoring leader Messi among MLS Best XI squad,AFP
56d9951b-ecd1-423a-bb8f-fa521a1a7e84,https://www.bransontrilakesnews.com/news/national/article_54f02a58-bb5b-58d3-9f02-75c6d9b730ba.html,Afp Afp,Japan deploys troops after wave of deadly bear attacks,AFP
5660a0cc-cce6-4def-a26d-dbf2ff18bd38,https://www.bransontrilakesnews.com/news/national/article_b7ca026d-1728-546d-9908-38973a9f63f4.html,Afp Afp,Jazz lose Kessler for season with shoulder injury,AFP
e1649ccc-6d20-456e-9e27-404a7ab5926f,https://www.griffonnews.com/news/nation/jazz-lose-kessler-for-season-with-shoulder-injury/article_7d9d7d3b-44ab-5882-99b5-222c9583658a.html,Afp Afp,Jazz lose Kessler for season with shoulder injury,AFP
17e70164-5a95-4ac6-91ef-0b5101c3b06b,https://www.bransontrilakesnews.com/news/national/article_28276316-4c12-5e72-a267-6ffc42facb5b.html,Afp Afp,'Grand Theft Auto VI' video game delayed again until Nov. 2026,AFP
9c597a99-f30b-489c-a7b8-a11c7900e80b,https://www.webstercountycitizen.com/news/national/article_9ac70032-230c-5990-a8a8-b7fba575e112.html,Afp Afp,Demand for air con set to triple by 2050, warns UN,AFP
09919e4b-b65a-4714-8f62-f3efb1ed8057,https://www.bransontrilakesnews.com/news/national/article_f0ccc224-41e4-5002-9f26-9e01a3cea48e.html,Toni Cerda Jean Arce In Afp,Return of centuries-old manuscripts key to France-Mexico talks,AFP
3126bb51-8729-4687-bc6d-99342687e26c,https://www.webstercountycitizen.com/news/national/article_341373b9-1ee1-559f-b384-1f80b578f265.html,Afp Afp,Mellon Blue diamond sells for $25.6 million,AFP
113ca75f-ed9d-4c76-b46c-94c73b2354b4,https://www.griffonnews.com/news/nation/un-warns-intensified-hostilities-ahead-in-sudan-despite-rsf-backing-truce-plan/article_12307579-d211-5c2a-af0a-8a3a7c9e8925.html,Afp Afp,UN warns 'intensified hostilities' ahead in Sudan despite RSF backing truce plan,AFP
16b54e70-6dd4-4bf0-9be7-46d9c7489992,https://www.griffonnews.com/news/nation/tornado-kills-five-injures-more-than-400-in-brazil/article_8b68c039-05fc-53fd-a40d-3117e1e93dcb.html,Afp Afp,Tornado kills six, wrecks town in Brazil,AFP
5438718c-4cc2-4401-9dfa-6ca6c77ac4d2,https://www.bransontrilakesnews.com/news/national/article_6df0236e-c3fa-5328-9b67-2afd169e49f8.html,Afp Afp,Bolivia's new president takes over, inherits economic mess,AFP
170d5063-f200-4342-a0cf-8d644a930b5c,https://www.griffonnews.com/news/nation/us-to-remove-warnings-from-menopause-hormone-therapy/article_896cb28e-e8c1-5501-a73c-2515c1e810ac.html,Afp Afp,US to remove warnings from menopause hormone therapy,AFP
ba2b7057-4f36-4adb-b93f-d890e2e03b9b,https://www.griffonnews.com/news/nation/tornado-kills-six-wrecks-town-in-brazil/article_8b68c039-05fc-53fd-a40d-3117e1e93dcb.html,Afp Afp,Tornado kills six, wrecks town in Brazil,AFP
f74a21b4-6d9c-40ea-83cf-dedbc595b27c,https://www.webstercountycitizen.com/news/national/article_64f23667-aaa9-5f03-af9a-c70245a488a6.html,Afp Afp,Arizona Democrat needed to force vote on Epstein files to be sworn-in,AFP
73f44f21-2ec9-4719-b884-1db641321d7b,https://www.bransontrilakesnews.com/news/national/article_001882fe-ca2c-5071-9d01-22ec10aa6c3b.html,Afp Afp,Tornado kills six, wrecks town in Brazil,AFP
37650c3a-a7e0-431d-8964-a787755b2aa4,https://www.bransontrilakesnews.com/news/national/article_b75bbba9-5f94-5713-9c04-0c47888413cc.html,Afp Afp,UPS, FedEx ground MD-11 cargo planes after deadly crash,AFP
363e2b29-5711-4a8e-9abc-0f9d59bd3caa,https://www.bransontrilakesnews.com/news/national/article_14375d3d-85bc-5095-ba16-7f19a291f0ff.html,Afp Afp,Tornado kills six, wrecks town in Brazil,AFP
6f8680d2-7cf7-4087-beaf-652a08469e88,https://www.griffonnews.com/news/nation/indonesia-probes-student-after-nearly-100-hurt-in-school-blasts/article_4d9f9283-ecdc-53ce-93d6-7744026ac90b.html,Afp Afp,Indonesia probes student after nearly 100 hurt in school blasts,AFP
70cb3986-72f5-42fa-92b0-57a220b75180,https://www.griffonnews.com/news/nation/taliban-govt-says-pakistan-ceasefire-to-hold-despite-talks-failing/article_d117784d-b2e1-5c54-bedf-e4159b5dfa02.html,Afp Afp,Taliban govt says Pakistan ceasefire to hold, despite talks failing,AFP
7cb59396-5e56-4c27-b0aa-257f5cbabb33,https://www.griffonnews.com/news/nation/bolivias-new-president-takes-over-inherits-economic-mess/article_8cd2b9ab-4b80-59bb-86d2-1ac5a1c8a70c.html,Afp Afp,Bolivia's new president takes over, inherits economic mess,AFP
04b72851-8b5d-459d-899f-f5d4d4ba7be3,https://www.griffonnews.com/news/nation/syrian-president-arrives-in-us-for-landmark-visit/article_9b1f53bd-6c03-5694-8f22-3c6d7913fdae.html,Afp Afp,Syrian president arrives in US for landmark visit,AFP
3a98b689-65ba-41a3-a8d0-c5645279cd0d,https://www.griffonnews.com/news/nation/minnesota-outlasts-seattle-to-advance-in-mls-cup-playoffs/article_708667a4-e3e2-56e5-a6be-e030c19fdade.html,Afp Afp,Messi leads Miami into MLS playoff matchup with Cincinnati,AFP
03162300-9d9c-421f-bacb-6bb3114aaa35,https://www.bransontrilakesnews.com/news/national/article_a36bde70-30c9-5d8c-828e-a33af9148604.html,Afp Afp,Syrian president arrives in US for landmark visit,AFP
a5c9cdc9-4d70-46e7-b47d-addcd2f2dfb0,https://www.griffonnews.com/news/nation/fire-kills-six-at-turkish-perfume-warehouse/article_796a2ac4-07ee-56c2-9de4-2f33a480e981.html,Afp Afp,Fire kills six at Turkish perfume warehouse,AFP
473c8878-3ecc-47ac-aa10-1d06c58b2e65,https://www.bransontrilakesnews.com/news/national/article_ab971f59-3d7a-5ce8-8233-3c0620284e81.html,Afp Afp,Messi leads Miami into MLS playoff matchup with Cincinnati,AFP
86a3408d-39e3-4663-b7cc-9275bd36a5fc,https://www.griffonnews.com/news/nation/trump-says-no-us-officials-to-attend-g20-in-south-africa/article_f277bfbf-dd73-501a-a132-f6d2bf87dfa5.html,Afp Afp,Trump says no US officials to attend G20 in South Africa,AFP
83512bc6-080c-4813-9842-1cbc7789ec1e,https://www.griffonnews.com/news/nation/ups-fedex-ground-md-11-cargo-planes-after-deadly-crash/article_708550a4-52e9-5c58-a049-d3417fadb0cd.html,Afp Afp,US grounds MD-11 cargo planes after deadly crash,AFP
3e086dd6-ae46-4428-8958-1515d64af489,https://www.webstercountycitizen.com/news/national/article_c9bf63b0-3c51-514d-988b-fdc314253e76.html,Afp Afp,Russia jails teen musician over anti-war street songs for third time,AFP
3932a9d3-b8b6-40e7-b35e-0f6764982eb0,https://www.bransontrilakesnews.com/news/national/article_1bdad067-9134-5b4a-849e-b61d676a386d.html,Afp Afp,Taylor sparks Colts to Berlin win, Pats win streak hits seven,AFP
cbb842ad-c37a-4730-902f-bae970f5fcaa,https://www.bransontrilakesnews.com/news/national/article_42107e6a-5c68-5d5b-b5ec-091c24b5fdd5.html,Afp Afp,Lenny Wilkens, Basketball Hall of Famer as player and coach, dies,AFP
01f1789f-d8dc-4044-a62e-81ae9af6e4bd,https://www.griffonnews.com/news/nation/athletics-kurtz-and-braves-baldwin-named-top-mlb-rookies/article_4cf70300-714a-56d4-b7bf-eae972f3e3ef.html,Afp Afp,Athletics' Kurtz and Braves' Baldwin named top MLB rookies,AFP
df9ea29e-6108-450c-81e2-697529554cd6,https://www.webstercountycitizen.com/news/national/article_a748c70f-cec2-56de-b931-b30ab360bcb9.html,Afp Afp,Murphy, Vogt named MLB's top managers,AFP
178e3440-427b-4d2c-b6bf-e74c53b7d410,https://www.bransontrilakesnews.com/news/national/article_302dc4a4-f0a9-584b-ad97-ab18d3abc193.html,Afp Afp,Arizona Democrat needed to force vote on Epstein files to be sworn-in,AFP
e6be0599-93c0-40e4-85da-d90b3b4f8a2c,https://www.bransontrilakesnews.com/news/national/article_766d5945-8f1b-5291-8ae6-c308f587211e.html,Afp Afp,Asian markets slip as traders eye tech rally, US rate outlook,AFP
e91d8d60-ceb4-4fc3-8199-61cec5d4227f,https://www.griffonnews.com/news/nation/french-superstar-dj-snake-wants-new-album-to-build-bridges/article_8412563a-55a0-5ba9-b471-5dc9a79423bd.html,Afp Afp,French superstar DJ Snake wants new album to 'build bridges',AFP
96a9584e-6f93-4de0-a4a5-667b3d8dc698,https://www.griffonnews.com/news/nation/taylor-sparks-colts-to-berlin-win-pats-win-streak-hits-seven/article_e6344293-6688-5098-a0c8-11e714808771.html,Afp Afp,Taylor sparks Colts to Berlin win, Pats win streak hits seven,AFP
ad4bb5d3-a646-4f8a-8c20-f2505e8f89ac,https://www.griffonnews.com/news/nation/most-equity-markets-rise-on-lingering-trader-optimism/article_6fa892ef-11ef-5236-b9fb-79069a3e740c.html,Afp Afp,Most equity markets rise on lingering trader optimism,AFP
c12ee0af-bf46-445a-833a-bf95530c6c33,https://www.webstercountycitizen.com/news/national/article_6fb3afbf-8b0c-565a-a0fb-4e099b2e22ef.html,Afp Afp,Spain regional leader resigns, a year after deadly floods,AFP
855ac611-9a1d-4dd8-a937-b80242989f8d,https://www.griffonnews.com/news/nation/xi-jokes-about-spying-with-chinese-phone-gift-for-south-koreas-lee/article_276c5af1-0769-513d-84db-1010614f196d.html,Afp Afp,Xi jokes about spying with Chinese phone gift for South Korea's Lee,AFP
95ff1869-ce53-4278-afcf-f96a39eea15f,https://www.griffonnews.com/news/nation/afghan-govt-says-quake-kills-20-injures-over-500/article_fa2600e2-0447-5773-ad4f-063696c9be73.html,Atif Aryan Aysha Safi In Kabul Afp,Afghan govt says quake kills 20, injures over 500,AFP
c0727749-3df7-48de-ae34-bfecdabf2c87,https://www.griffonnews.com/news/nation/thousands-evacuated-as-typhoon-bears-down-on-philippines/article_727a5f03-8c82-540f-93a9-c9fd2a9ea8b3.html,Afp Afp,Thousands evacuated as typhoon bears down on Philippines,AFP
84c82a83-189e-44b5-a712-77c40cc2b3b6,https://www.webstercountycitizen.com/news/national/article_798abab7-1787-5c35-b546-e8892fe5c128.html,Afp Afp,Tanzania president sworn in as opposition says hundreds killed in protests,AFP
980aa093-1e89-473f-bc95-e61f70328f77,https://www.griffonnews.com/news/nation/tanzania-president-inaugurated-as-opposition-says-hundreds-dead/article_3bf1009e-345c-5ef6-a944-25618e7a1219.html,Afp Afp,Tanzania president sworn in as opposition says hundreds killed in protests,AFP
d9ee63b1-781e-4f79-955c-a08367f47ae4,https://www.webstercountycitizen.com/news/national/article_f179c512-2505-58c0-b581-010cc7a1f873.html,Afp Afp,France threatens Shein ban if 'childlike' sex dolls reappear,AFP
19185fb2-d7e5-417d-a597-29a503c008b8,https://www.webstercountycitizen.com/news/national/article_e929b166-e1aa-5322-a254-9a7103303e6e.html,Afp Afp,LPGA, European tour partner with Saudis for new Vegas event,AFP
defb5b18-4112-4db0-ba50-3c342cf254fa,https://www.griffonnews.com/news/nation/venus-williams-to-return-to-auckland-classic-at-the-age-of-45/article_382f9774-7b55-5210-902f-9965b1bda59e.html,Afp Afp,Venus Williams to return to Auckland Classic at the age of 45,AFP
d75a0b0d-bb7e-4a53-a12c-d84d01ee43ff,https://www.bransontrilakesnews.com/news/national/article_23f3d3ff-83f2-5364-991b-45c086244c8f.html,Afp Afp,French superstar DJ Snake wants new album to 'build bridges',AFP
f4bddab3-b526-4c20-aaa9-5dff6192586a,https://www.webstercountycitizen.com/news/national/article_dcbaba82-5676-5647-a80f-22f91918e722.html,Afp Afp,Belgium probes drone sightings after flights halted overnight,AFP
ae3a85ac-9b6a-450c-a545-707e8cf21e80,https://www.bransontrilakesnews.com/news/national/article_b0460d79-2b9b-50dc-b68f-f9f6636f7f9e.html,Afp Afp,Griffin wins PGA Mexico title for third victory of the year,AFP
c5858cd1-65c7-4b06-a8a6-6438edb6d866,https://www.webstercountycitizen.com/news/national/article_06b614a6-e961-5a6c-ad3f-981fee3cf3f5.html,Afp Afp,Favorite Sovereignty could miss Breeders' Cup Classic after fever,AFP
72b983cf-379f-48c6-a015-54bda1efc364,https://www.griffonnews.com/news/nation/fifa-announce-new-peace-prize-to-be-awarded-at-world-cup-draw-in-washington/article_65e2c77e-2d23-59b0-a5d0-03fdbe679376.html,Afp Afp,FIFA announce new peace prize to be awarded at World Cup draw in Washington,AFP
b59c1fea-c264-46c4-a09a-248d3e812670,https://www.griffonnews.com/news/nation/asian-markets-swing-as-trades-eye-tech-rally-us-rate-outlook/article_e212a66a-d98e-5b72-ab2c-b5e43eb65cd0.html,Afp Afp,Asian markets slip as traders eye tech rally, US rate outlook,AFP
d390dcdc-ff06-4e14-9680-64b3a4f73ee0,https://www.bransontrilakesnews.com/news/national/article_c3f464e3-9b85-588c-97fd-abb2eff09755.html,Afp Afp,Trump said 'not allowed' to run for third term, 'too bad',AFP
bdf8f85a-4ce5-4f5f-99c0-e5df5351fc18,https://www.griffonnews.com/news/nation/tanzania-polls-open-with-opposition-excluded/article_1b143f06-c7e5-521c-ab11-feae3896fac3.html,Afp Afp,Curfew declared after Tanzania protests election without opposition,AFP
8d4630cb-007f-4915-9b3c-9a15e400bd38,https://www.griffonnews.com/news/nation/floods-strand-people-on-roofs-as-typhoon-pounds-philippines/article_6d6d058a-f082-500d-af7a-ed0442a6ca74.html,Afp Afp,Floods strand people on roofs as typhoon pounds Philippines,AFP
bb2d9e16-5faa-4070-a2f4-01c6d781ddaa,https://www.griffonnews.com/news/nation/australian-police-design-ai-tool-to-decipher-predators-gen-z-slang/article_62d0d1d7-53e8-51a9-93c3-e6fef5a5048b.html,Afp Afp,Australian police design AI tool to decipher predators' Gen Z slang,AFP
4d920d9b-3594-4f35-b731-d38f4116cbd7,https://www.bransontrilakesnews.com/news/national/article_0b38789b-4369-5ae1-9a90-9f67a0c733b7.html,Afp Afp,Australian police design AI tool to decipher predators' Gen Z slang,AFP
b0fda07a-7a16-47ec-a5e6-bff0a32e60c0,https://www.webstercountycitizen.com/news/national/article_77eac83a-3db4-5ef3-a276-06a91982430e.html,Afp Afp,Lenny Wilkens, Basketball Hall of Famer as player and coach, dies,AFP
4aae384b-41c1-4e2e-bd33-3b3a0f860716,https://www.bransontrilakesnews.com/news/national/article_af72b2c1-d480-5d8d-810a-2515254ec1b2.html,Afp Afp,Japan governor asks for military help against 'dire' bear attacks,AFP
0ad45b72-3718-40ce-8d93-36e07674ea2e,https://www.webstercountycitizen.com/news/national/article_33d103f9-cb2e-5b79-a6d4-a509fbc2b082.html,Afp Afp,Stocks extend record run as trade, AI dominates,AFP
dd4bf379-5d8d-4077-95f9-48bf8ade8be0,https://www.bransontrilakesnews.com/news/national/article_52a45990-e854-56e0-a651-4896c253797c.html,Afp Afp,Mahomes powers NFL Chiefs over Commanders,AFP
efa2b794-05df-497e-b470-1d805181619c,https://www.griffonnews.com/news/nation/thunder-76ers-remain-unbeaten-with-nba-comeback-wins/article_9915cc01-498c-5719-97ce-d50bbd371aa1.html,Afp Afp,Thunder, 76ers remain unbeaten with NBA comeback wins,AFP
58f1c694-5ab0-49f5-8f0f-d99fc81e53d0,https://www.webstercountycitizen.com/news/national/article_d99e543f-8506-58ee-9bef-70b998de9a65.html,Afp Afp,Statue of Confederate general returns to US capital,AFP
9bc054eb-2fc3-4848-8ef6-88c945208982,https://www.webstercountycitizen.com/news/national/article_10b9e3a6-6e63-5a9f-b610-2018422ea6de.html,Afp In Gaza Jay Deshmukh, Gianluca Pacchiani In Jerusalem Afp,Israel launches air strikes on Gaza, says Hamas attacked troops,AFP
4001c105-f713-4131-a4c3-08dff2ac322d,https://www.bransontrilakesnews.com/news/national/article_d89f9057-7b81-5888-ae41-1ec7997d46c8.html,Afp Afp,Warnings grow of executions, ethnic cleansing in Sudan's El-Fasher,AFP
a5ed7447-8cba-463b-8644-d92ee0a9ea90,https://www.bransontrilakesnews.com/news/national/article_c3842757-fafb-53be-b21f-1f3ac4af0ae6.html,Afp Afp,Thousands evacuated in Vietnam after record rain triggers floods,AFP
f99bcfef-6b2c-4399-8683-ddb30bc6304a,https://www.griffonnews.com/news/nation/campaigning-begins-in-myanmars-junta-run-election/article_118e25ad-fbd5-536b-88a3-78d89bbc5a83.html,Afp Afp,Campaigning begins in Myanmar's junta-run election,AFP
2f1efd12-0ecd-463f-ae9a-b00f6db8a0e8,https://www.griffonnews.com/news/nation/thousands-evacuated-in-vietnam-after-record-rain-triggers-floods/article_ac8d5308-fc2b-593d-b3b6-c53015a1d8b8.html,Afp Afp,Thousands evacuated in Vietnam after record rain triggers floods,AFP
5b6cad13-174e-4721-b722-24ad1eb570d8,https://www.webstercountycitizen.com/news/national/article_3b84cea2-4733-53fb-a252-972b6b8e202b.html,Afp Afp,Injured Springer out of World Series game four,AFP
6fa93e5f-1205-4625-9245-ba66b4018abb,https://www.griffonnews.com/news/nation/north-korea-announces-missile-test-hours-before-trump-due-in-south/article_509c8180-501b-5950-8ec7-57f7d2734b9a.html,Afp Afp,North Korea announces missile test hours before Trump due in South,AFP
2572644a-db6a-4ecc-80bb-9c28c04badca,https://www.griffonnews.com/news/nation/arrested-for-singing-russias-case-against-teen-busker-stirs-anger/article_a8a3ccf0-32ca-565f-8a88-e86cd0ced72e.html,Afp Afp,'Arrested for singing': Russia's case against teen busker stirs anger,AFP
426db8ef-477b-442e-9d06-f62cbc56bdc4,https://www.webstercountycitizen.com/news/national/article_a67fc960-91d3-5650-a429-0437ea26fa99.html,Afp Afp,Pakistan says peace talks with Afghanistan 'failed',AFP
0f9ff007-7921-408c-af8c-75f61bdf64f4,https://www.webstercountycitizen.com/news/national/article_3b35f55d-1ccd-58d4-a432-6c751866a234.html,Afp Afp,Cincinnati, Minnesota win MLS playoff series openers,AFP
f24da82f-4c3e-4249-a389-33bb5deafcdf,https://www.griffonnews.com/news/nation/reddit-kick-to-be-included-in-australias-social-media-ban/article_e48e09ee-d171-539f-9139-b22c011bd88d.html,Afp Afp,Reddit, Kick to be included in Australia's social media ban,AFP
304b3a6f-23a8-4893-b049-d89643193951,https://www.webstercountycitizen.com/news/national/article_489c1672-e755-5647-9e4d-12baad24bdd7.html,Afp Afp,Climate change won't end civilization, says Bill Gates,AFP
d9172224-7b3d-4a79-bce0-2d093bf2ace6,https://www.griffonnews.com/news/nation/cardinals-stun-cowboys-end-five-game-losing-streak/article_1f5a9652-1598-50c3-9f60-41aebe4fb17a.html,Afp Afp,Cardinals stun Cowboys, end five-game losing streak,AFP
3dc348d7-b16b-4817-9aba-0edbddebdde9,https://www.webstercountycitizen.com/news/national/article_af220d7e-bfe8-588f-af9e-510e2a15abc4.html,Afp Afp,Japan governor asks for military help against 'dire' bear attacks,AFP
901ab125-d5e7-481a-8c19-6f4a8525ac0a,https://www.bransontrilakesnews.com/news/national/article_ed72d850-15a6-5173-bd52-4a9078936f1a.html,Susan Njanji Nicholas Roll In Abuja Afp,US revokes visa for Nigerian Nobel laureate Wole Soyinka,AFP
fab1c5e2-5b16-4e7b-ac71-19f9037ababa,https://www.webstercountycitizen.com/news/national/article_e2e28fdd-6b1b-5db3-876c-d8c190693df4.html,Afp Afp,Thousands evacuated in Vietnam after record rain triggers floods,AFP
151e30c2-1925-412b-af66-d957d8b5d885,https://www.griffonnews.com/news/nation/spurs-thunder-bulls-and-sixers-remain-nbas-unbeatens/article_e35be058-1b6e-5480-b63f-bc4cdd728010.html,Afp Afp,Spurs, Thunder, Bulls and Sixers remain NBA's unbeatens,AFP
b72de6e0-3c4e-463a-971f-9076dcb97f73,https://www.webstercountycitizen.com/news/national/article_3ebb820b-bd5d-5b21-8224-622739dc6714.html,Afp Afp,Spurs, Thunder, Bulls and Sixers remain NBA's unbeatens,AFP
b4fc9030-8bd9-4a81-9a6a-b91b0b9d09d7,https://www.webstercountycitizen.com/news/national/article_d70dcca2-3a1b-52ff-97e4-2da6eb20fe6e.html,Afp Afp,Microsoft holds 27% of OpenAI in revamped partnership,AFP
4f392ea7-e7f9-4ca4-81f9-06d7e30040fb,https://www.griffonnews.com/news/nation/japan-governor-asks-for-military-help-against-dire-bear-attacks/article_46f6f80a-cbff-5e1b-a8f2-3de7e88ee65c.html,Afp Afp,Japan governor asks for military help against 'dire' bear attacks,AFP
4322ada9-906a-44cf-ba22-ceff7d1042f3,https://www.griffonnews.com/news/nation/japan-governor-asks-for-military-help-against-dire-bear-attacks/article_4b29d9ac-0325-54e2-8258-4cad0e0836d4.html,Afp Afp,Japan governor asks for military help against 'dire' bear attacks,AFP
d0c3c834-4564-4447-a1c6-929874c5d337,https://www.webstercountycitizen.com/news/national/article_cce73e27-13ea-5135-bc54-c32c28958747.html,Afp Afp,Mahomes powers NFL Chiefs over Commanders,AFP
4c81889d-eb26-4380-a244-0b37953cb4f5,https://www.webstercountycitizen.com/news/national/article_d0ce41b1-a846-5dbc-9f7a-e4c8a9347b3b.html,Afp Afp,Messi on 2026 World Cup: 'I would like to be there',AFP
afc6ed07-8968-408a-bb02-1a6b808f18e2,https://www.webstercountycitizen.com/news/national/article_d3241a88-0ce9-5fec-aa93-b76a41462f05.html,Afp Afp,Tanzania polls open with opposition excluded,AFP
e6ea1ebc-64a0-4b2f-b842-5b0f20d56478,https://www.bransontrilakesnews.com/news/national/article_c71110b2-04f5-5d61-b36e-3726e3ed2cda.html,Afp Afp,'Arrested for singing': Russia's case against teen busker stirs anger,AFP
a2fb5423-7bea-4132-b288-772c75066737,https://www.griffonnews.com/news/nation/us-vp-vance-defends-wish-for-wife-to-convert-to-christianity/article_aa6a56f0-752a-5705-8fa9-07d8d55572ad.html,Afp Afp,US VP Vance defends wish for wife to convert to Christianity,AFP
c5d2ed19-b088-46a5-86ff-54e779f67321,https://www.griffonnews.com/news/nation/israel-hits-another-gaza-target-after-deadliest-night-since-truce/article_3fd1eaa9-37b2-564c-aec7-d145d2097187.html,Afp In Gaza Alice Chancellor In Jerusalem Afp,Israel hits another Gaza target after deadliest night since truce,AFP
33b3fccf-93c4-48dc-be78-f23a5df50f8d,https://www.griffonnews.com/news/nation/us-media-mogul-john-malone-to-step-down-as-head-of-business-empire/article_fec1c86d-1c09-5e3a-a6ca-af9ac3294b8a.html,Afp Afp,US media mogul John Malone to step down as head of business empire,AFP
a600a815-33b8-4665-9afd-db1dfdbf09ba,https://www.griffonnews.com/news/nation/never-been-this-bad-jamaica-surveys-ruins-in-hurricanes-wake/article_53da5dc8-b561-5735-ab12-4342ae577dd9.html,Ivan Shaw Afp Afp,'Never been this bad': Jamaica surveys ruins in hurricane's wake,AFP
fa277696-a4f3-49a2-993b-06b921faecd9,https://www.bransontrilakesnews.com/news/national/article_c4c234f4-3ab4-593c-9cfa-f0f8b5d4ef8f.html,Afp Afp,Piastri stays calm after winding up 12th in practice,AFP
5fa85997-77a8-4b3a-ba6b-ea006aa3ee9b,https://www.bransontrilakesnews.com/news/national/article_8dd1d8ec-3a88-52a3-af2d-a87a632e9ae9.html,Afp Afp,Key dates in the fall of Britain's former prince Andrew,AFP
7ec44dac-524f-4846-9abf-eecdfebf192a,https://www.bransontrilakesnews.com/news/national/article_55685803-7012-5a7d-805d-aed8e806045c.html,Glenn Chapman Alex Pigman In Washington Afp,Google parent Alphabet posts first $100 bn quarter as AI fuels growth,AFP
50b12ee5-799b-49ca-ab15-f5a3d699adb3,https://www.griffonnews.com/news/nation/underwater-human-habitat-aims-to-allow-researchers-to-make-weeklong-dives/article_9e82b1a0-c4b5-50e7-bd19-d8363f5e8e4a.html,Afp Afp,Underwater 'human habitat' aims to allow researchers to make weeklong dives,AFP
52140ce1-45bd-4d06-b1cc-6dbf51875bc5,https://www.griffonnews.com/news/nation/they-slit-my-sons-throat-says-mother-of-teen-killed-in-rio-police-raid/article_adce3d97-d00e-5156-8855-04e35452ca09.html,Afp Afp,'They slit my son's throat' says mother of teen killed in Rio police raid,AFP
c8c1316f-2719-498e-b494-76e58003f621,https://www.griffonnews.com/news/nation/google-parent-alphabet-posts-first-100-bn-quarter-as-ai-fuels-growth/article_6d33d1f5-3bcc-5ddd-99f5-ef8e277581a5.html,Glenn Chapman Alex Pigman In Washington Afp,Google parent Alphabet posts first $100 bn quarter as AI fuels growth,AFP
76535fdd-4289-47f1-865d-236959cda8f9,https://www.bransontrilakesnews.com/news/national/article_18478acc-4c67-5c0c-b770-cb1263cb9765.html,Afp Afp,'They slit my son's throat' says mother of teen killed in Rio police raid,AFP
90b73e90-682c-4a21-94d6-fe927d75c823,https://www.griffonnews.com/news/nation/trump-xi-to-meet-seeking-truce-in-damaging-trade-war/article_6257a317-70a3-594a-ba56-a87e7b8b4366.html,Aurelia End Simon Sturdee In Gyeongju Afp,Trump, Xi ease fight on tariffs, rare earths,AFP
6c11f6d8-32ba-457d-87b9-012a97a0c08d,https://www.bransontrilakesnews.com/news/national/article_78d8b918-a2ee-5ea5-a5f0-33c9a54ead10.html,Aurelia End Simon Sturdee In Gyeongju Afp,Trump, Xi ease fight on tariffs, rare earths,AFP
40365e8a-083c-40ac-9862-cc49af98c585,https://www.griffonnews.com/news/nation/india-space-agency-launches-its-heaviest-satellite/article_1e33dfd1-0083-52bd-883c-1dd7c3e78f50.html,Afp Afp,India space agency launches its heaviest satellite,AFP
ba58097d-eff1-44cc-a1e4-e77741046f04,https://www.webstercountycitizen.com/news/national/article_9aa44ffd-dbc4-56d0-b665-ac194ac09698.html,Afp Afp,Australian police design AI tool to decipher predators' Gen Z slang,AFP
51847b15-f87c-4a8c-91e8-6063c1bfcde6,https://www.griffonnews.com/news/nation/french-justice-minister-visits-jailed-former-president-sarkozy/article_a077298f-e83f-54eb-a4ac-3de19dc2c037.html,Afp Afp,French justice minister visits jailed former president Sarkozy,AFP
e55d8e47-af5b-4bcc-b165-053da1b4230e,https://www.griffonnews.com/news/nation/eurozone-growth-beats-expectations-in-third-quarter/article_028a02a9-77e3-5f25-ac26-290e051f4e80.html,Afp Afp,Eurozone growth beats expectations in third quarter,AFP
41c20483-de9e-4fba-9d81-e90ddb87c74b,https://www.bransontrilakesnews.com/news/national/article_624a8d27-1126-5b8d-8cdb-c919b5e8a29d.html,Louis van Boxel-Woolf Afp,Volkswagen posts 1-billion-euro loss on tariffs, Porsche woes,AFP
fce3eea5-9eec-43c0-98dd-3bff9721d20e,https://www.bransontrilakesnews.com/news/national/article_44365bde-bc04-51aa-b40b-39882bfabe7c.html,Richard Carter Stephanie Hamel In Amsterdam Afp,Netherlands nailbiter as far-right, centrists in election dead-heat,AFP
242e47e0-dd6e-4452-87a1-1a792335ddbd,https://www.griffonnews.com/news/nation/chinese-ev-giant-byd-says-q3-profit-down-33/article_1a947088-4447-50c7-b264-46209c9335db.html,Afp Afp,Chinese EV giant BYD says Q3 profit down 33%,AFP
a3fa695d-c988-4acb-9ea3-f53aa5962c5f,https://www.griffonnews.com/news/nation/griffin-wins-pga-mexico-title-for-third-victory-of-the-year/article_3d1fdba4-d716-5b0c-a3f6-30e4936c733f.html,Afp Afp,Griffin wins PGA Mexico title for third victory of the year,AFP
c560f5e7-4c5c-4116-a0f7-512fe014e101,https://www.webstercountycitizen.com/news/national/article_2e60235f-0752-5b2e-b893-a93cacf0710b.html,Afp Afp,Sudan's RSF claims arrests as UN warns of 'horrendous' atrocities in Darfur,AFP
1953ac30-5ad2-4ee3-9805-261ac7f9d6ac,https://www.griffonnews.com/news/nation/trump-stirs-global-tensions-confusion-with-nuclear-test-order/article_5b6fa7cf-1927-5930-b166-4ba09e38eb7c.html,Danny Kemp Sebastian Smith In Washington Afp,Trump keeps world guessing with shock nuclear test order,AFP
3cff139a-9ba1-458a-ab0b-459dec169541,https://www.bransontrilakesnews.com/news/national/article_2cf1d7df-dd41-52a4-bddb-c7cdc2d4f082.html,Afp Afp,Blue Jays thrash Dodgers 11-4 to win World Series opener,AFP
4b7e0809-c64d-4705-9953-0471df3bc100,https://www.griffonnews.com/news/nation/nfl-fines-ravens-100-000-over-jackson-injury-status-report/article_b2796b05-0b32-5bf5-8a2a-b2cafdd509bf.html,Afp Afp,NFL fines Ravens $100,000 over Jackson injury status report,AFP
dfa610f7-832a-46e9-84e4-c2874a416dd9,https://www.bransontrilakesnews.com/news/national/article_03a0138e-b08b-5027-97f2-e459a755d124.html,Afp Afp,G7 says it's 'serious' about confronting China's critical mineral dominance,AFP
8ecc74b7-602e-42d4-878c-d9f8550ce543,https://www.bransontrilakesnews.com/news/national/article_f3234340-3859-5e3a-b9f4-3d5ed06c06f5.html,Afp Afp,NFL fines Ravens $100,000 over Jackson injury status report,AFP
9e3ebdc6-81ed-4693-b62e-bdfee3b7616f,https://www.griffonnews.com/news/nation/french-turkish-actor-tcheky-karyo-dies-at-72/article_dde2fa69-cdbe-532b-86e0-c336caa2c002.html,Afp Afp,French-Turkish actor Tcheky Karyo dies at 72,AFP
ceff7184-7e64-4974-82b6-671759e3d0a4,https://www.bransontrilakesnews.com/news/national/article_9484a4d2-a892-5591-b2f6-0e52f4455e1c.html,Afp Afp,Wall Street stocks rebound on Amazon, Apple earnings,AFP
822be9e5-7b75-41aa-bb2c-f3bbe57e5490,https://www.griffonnews.com/news/nation/wall-street-bounces-on-amazon-apple-earnings/article_0378b483-0f47-5f9c-bf1d-7eaa167cdc37.html,Afp Afp,Wall Street stocks rebound on Amazon, Apple earnings,AFP
98e2ad94-a5c2-45f4-aaf4-8f61bdb77b12,https://www.griffonnews.com/news/nation/trump-says-christians-in-nigeria-face-existential-threat/article_3d7149c5-6996-5dc4-891b-e8ec87a6e787.html,W.G. Dunlop Tonye Bakare In Lagos, Nicholas Roll In Abuja Afp,Trump says Christians in Nigeria face 'existential threat',AFP
f66016b4-ab5d-4a18-89b7-9a0cc6515fac,https://www.bransontrilakesnews.com/news/national/article_fc153b8f-cc8e-5da6-b189-4d58a20965e7.html,Afp Afp,Gstaad gives O'Brien record 21st Breeders' Cup win,AFP
d35f84f5-e65b-416b-a044-b93549188347,https://www.griffonnews.com/news/nation/springer-back-in-toronto-lineup-as-blue-jays-try-to-close-out-dodgers/article_2bc4c389-4d20-5c50-a1fe-cd280c7e3bb9.html,Afp Afp,Springer back in Toronto lineup as Blue Jays try to close out Dodgers,AFP
27e5997c-b0bd-4fef-8246-115a69293690,https://www.griffonnews.com/news/nation/gstaad-gives-obrien-record-21st-breeders-cup-win/article_f88e4b8f-07bd-57ff-a320-56f067470b89.html,Afp Afp,Gstaad gives O'Brien record 21st Breeders' Cup win,AFP
e28e33f4-d150-4cb8-9e37-f37830894c11,https://www.griffonnews.com/news/nation/nationals-make-butera-mlbs-youngest-manager-since-1972/article_aea57473-95e8-5ef6-a740-3d2520c47648.html,Afp Afp,Nationals make Butera MLB's youngest manager since 1972,AFP
6c3afec7-0acd-40f9-9c9f-d74051445cf5,https://www.bransontrilakesnews.com/news/national/article_7774fed3-88e5-5ffa-8b80-36296e6453f4.html,Afp Afp,Nationals make Butera MLB's youngest manager since 1972,AFP
dcca8756-0aa0-483e-ab00-bdc555bcaef6,https://www.bransontrilakesnews.com/news/national/article_1f10a386-880e-58ea-a4b0-9d1f892e1f77.html,Afp Afp,Dodgers hold off Blue Jays 3-1 to force World Series game seven,AFP
e9a6455e-7c5d-43a6-bb5a-c908ca764a55,https://www.bransontrilakesnews.com/news/national/article_8e06a5b7-4ffb-548b-8407-b0294f2e99b0.html,Afp Afp,Tanzania president wins 98% in election as opposition says hundreds killed,AFP
0cb2e296-e082-4140-a7e8-6239db557dc2,https://www.griffonnews.com/news/nation/myanmar-fireworks-festival-goers-shun-politics-for-tradition/article_a05ccd56-52e1-5c23-92b6-c27d42c66d7f.html,Afp Afp,Myanmar fireworks festival goers shun politics for tradition,AFP
346f2769-e16f-43b7-bc30-55886cce3a2d,https://www.griffonnews.com/news/nation/dodgers-hold-off-blue-jays-3-1-to-force-world-series-game-seven/article_0ebebe28-1795-552c-90b3-aae01706f46e.html,Afp Afp,Dodgers hold off Blue Jays 3-1 to force World Series game seven,AFP
7269e46f-ad5f-4e86-8e46-158b4da734ce,https://www.griffonnews.com/news/nation/traditional-mass-wedding-held-in-nigeria-to-ensure-prosperity/article_5f3e6910-9c22-5cc9-9ff6-b9d73a08acb9.html,Afp Afp,Traditional mass wedding held in Nigeria to ensure prosperity,AFP
41f76ceb-0520-407e-91a8-eaf9f4bb3a4e,https://www.griffonnews.com/news/nation/tanzania-president-wins-98-of-votes-after-violence-marred-polls/article_76aae8f0-79df-5f7e-aef8-115f7e179e57.html,Afp Afp,Tanzania president wins 98% in election as opposition says hundreds killed,AFP
1256fc02-2d4c-4a91-99b3-e122ce1d3dab,https://www.griffonnews.com/news/nation/canada-pm-says-xi-talks-turning-point-apologises-to-trump/article_5205fc2d-4982-53a5-9a7d-2ff30f98d5fe.html,Afp Afp,Canada PM says Xi talks 'turning point', apologises to Trump,AFP
c8dead33-7e10-40e5-82f3-ce774cbb8487,https://www.bransontrilakesnews.com/news/national/article_cb6c18c3-3849-5388-a993-2ad5def477dc.html,Afp Afp,US VP Vance defends wish for wife to convert to Christianity,AFP
57757003-d116-40c8-b620-dbfe167e9daa,https://www.webstercountycitizen.com/news/national/article_e73afcbc-7193-5498-937d-25f55bbe59d0.html,Afp Afp,G7 says it's 'serious' about confronting China's critical mineral dominance,AFP
df1f5ff6-13b5-4750-adfa-a212ee616224,https://www.bransontrilakesnews.com/news/national/article_6fe8d17d-b84b-5ae4-bdba-d628aaff47a3.html,Danny Kemp Sebastian Smith In Washington Afp,Trump keeps world guessing with shock nuclear test order,AFP
6e8c9aa6-25bb-4e98-89f6-532f19bd2d43,https://www.griffonnews.com/news/nation/nba-refs-to-start-using-headsets-on-saturday/article_53cc2b52-2f63-5fed-8b5e-5b2ad78f3283.html,Afp Afp,NBA refs to start using headsets on Saturday,AFP
c1dffcdc-b89a-4bbb-a456-7efc4b7656b1,https://www.griffonnews.com/news/nation/g7-says-its-serious-about-confronting-chinas-critical-mineral-dominance/article_8176f06e-0dad-588b-b494-e83636b9ec88.html,Afp Afp,G7 says it's 'serious' about confronting China's critical mineral dominance,AFP
f5fc5c60-5de3-470c-bef6-dd5323ed3881,https://www.griffonnews.com/news/nation/sudans-rsf-claims-arrests-as-un-warns-of-horrendous-atrocities-in-darfur/article_48e17b73-1f9e-5035-a84c-14adcdab5d4e.html,Afp Afp,Sudan's RSF claims arrests as UN warns of 'horrendous' atrocities in Darfur,AFP
ab7cb1a4-a27b-43ec-ad8f-075d13d6c4c0,https://www.bransontrilakesnews.com/news/national/article_c2ced20c-86d2-5abf-89f6-0b3e19227bf1.html,Afp Afp,Springer back in Toronto lineup as Blue Jays try to close out Dodgers,AFP
de59ca9c-c1f1-42be-bd52-1695361b4a38,https://www.griffonnews.com/news/nation/climate-change-wont-end-civilization-says-bill-gates/article_b7d91363-fd06-5ec5-ab59-15b746a7fc90.html,Afp Afp,Climate change won't end civilization, says Bill Gates,AFP
c8f32844-776f-4748-837b-837c889460df,https://www.webstercountycitizen.com/news/national/article_df3b7045-b2f3-59f6-9143-ce23f7e603b2.html,Afp Afp,Florida man executed for neighbor's murder,AFP
e4632b29-1a6d-4ed6-8624-87a3c6659950,https://www.griffonnews.com/news/nation/microsoft-holds-27-of-openai-in-revamped-partnership/article_ee398889-bc93-589c-b6e4-9f1be05dd2a5.html,Afp Afp,Microsoft holds 27% of OpenAI in revamped partnership,AFP
11260630-88cc-41d1-906e-0003612cc6d4,https://www.griffonnews.com/news/nation/florida-man-executed-for-neighbors-murder/article_7e2f2fb4-654d-5334-9823-9a04ae946143.html,Afp Afp,Florida man executed for neighbor's murder,AFP
c809f342-5260-469d-9755-6ca212750150,https://www.webstercountycitizen.com/news/national/article_1fc6b932-a9cc-5789-81b1-df339ec6c87f.html,Afp Afp,Wall Street record rally rolls on,AFP
0fd9efdf-a53e-437a-8e40-54666fc3883c,https://www.bransontrilakesnews.com/news/national/article_559b9817-ec0c-56d1-857f-831a3eaffe02.html,Afp Afp,McLaren's Norris takes stunning pole in Mexico ahead of both Ferraris,AFP
64981e71-5976-4a5e-8925-842cd6f05875,https://www.griffonnews.com/news/nation/hong-kong-collects-black-boxes-after-deadly-plane-crash/article_26381b8a-3262-5ffd-b8f2-8ee942a67067.html,Afp Afp,Hong Kong collects black boxes after deadly plane crash,AFP
2aebc02b-2b99-4efd-9917-2807ff5332a0,https://www.griffonnews.com/news/nation/tanzania-president-wins-98-in-election-as-opposition-says-hundreds-killed/article_76aae8f0-79df-5f7e-aef8-115f7e179e57.html,Afp Afp,Tanzania president wins 98% in election as opposition says hundreds killed,AFP
ab66a59d-129a-4750-81de-19955e7574d6,https://www.griffonnews.com/news/nation/us-not-sending-any-high-level-officials-to-cop30/article_6114fc91-9ff4-5867-9c50-50c86a0b7918.html,Afp Afp,US not sending any high-level officials to COP30,AFP
b5dd8194-5341-4cb7-ac1f-790ec9800599,https://www.webstercountycitizen.com/news/national/article_43e1b22e-fc7e-5e3b-bb84-678f76f84464.html,Afp Afp,Ukraine sends special forces to embattled eastern city,AFP
54d3ef52-30ed-4845-beca-385f17b71fe1,https://www.bransontrilakesnews.com/news/national/article_9fa33b26-925f-571b-a0ac-8971e5071cd6.html,Afp Afp,All Blacks sink 14-man Ireland 26-13 in Chicago Test,AFP
28018274-0077-4053-8a9e-ba6269915a76,https://www.bransontrilakesnews.com/news/national/article_ec244411-2e6c-562c-b427-d21ade0f248f.html,Afp Afp,World champ Malinin takes lead at Skate Canada,AFP
14a14947-b2e8-4225-89b0-fd4071d0d620,https://www.bransontrilakesnews.com/news/national/article_8a82d4e0-eb34-54ba-99bf-83bdd21b40c8.html,Afp Afp,Ethical Diamond surges to upset win in $5 million Breeders' Cup Turf,AFP
efe76363-7a5e-4e5c-8d0a-06fd066fe405,https://www.webstercountycitizen.com/news/national/article_2511cfc9-c5e2-5c5d-b8cd-4b8d88fad784.html,Afp Afp,Getty Images largely loses lawsuit against UK AI firm,AFP
60d0e285-ffa4-417c-b124-89bc9993b7f6,https://www.bransontrilakesnews.com/news/national/article_a6c3dd13-5d7b-53ea-adc7-052a1031f6b3.html,Afp Afp,Trump threatens military action in Nigeria over killing of Christians,AFP
0f41f5a4-5c73-4ea3-a97e-dd7a6cf4f50b,https://www.griffonnews.com/news/nation/morant-suspended-by-grizzlies-after-rebuking-coaching-staff/article_485e1344-f30a-5172-9c44-e1294df9f8d4.html,Afp Afp,Morant suspended by Grizzlies after rebuking coaching staff,AFP
02f8fc6b-6648-4558-b09a-2419b34cd715,https://www.griffonnews.com/news/nation/dodgers-clinch-back-to-back-world-series-as-blue-jays-downed-in-thriller/article_12529621-3fa2-579a-b00a-f22aa23b72e2.html,Afp Afp,Dodgers clinch back-to-back World Series as Blue Jays downed in thriller,AFP
e4d41530-ea5b-4a21-aaa1-d335f7378731,https://www.webstercountycitizen.com/news/national/article_25eb03cb-6a3d-5c3a-b139-5c33abc67b1d.html,Afp Afp,All Blacks sink 14-man Ireland 26-13 in Chicago Test,AFP
1838ef85-d0b1-418a-8c1c-c9ca890b4392,https://www.griffonnews.com/news/nation/uk-police-probe-mass-train-stabbing-that-wounded-10/article_f2f42e6e-e46d-59a7-9d78-a96d5381126e.html,James Rybacki Akshata Kapoor In London Afp,What we know about the UK train stabbings,AFP
c73098f5-38f4-4964-83a0-25f033ab73e0,https://www.griffonnews.com/news/nation/siakam-sparks-injury-hit-pacers-to-seasons-first-nba-win/article_ef2ef78e-41b9-5aa9-83e3-e179234dd2ad.html,Afp Afp,Siakam sparks injury-hit Pacers to season's first NBA win,AFP
825a05ba-64d1-449e-8a9a-8fa1ebffc137,https://www.griffonnews.com/news/nation/vietnam-flood-death-toll-rises-to-35-disaster-agency/article_287ffc21-d229-5edf-931b-d30734475259.html,Afp Afp,Vietnam flood death toll rises to 35: disaster agency,AFP
284f4b07-9cff-4c47-8da4-027172524a17,https://www.bransontrilakesnews.com/news/national/article_0dfe4d8e-ada7-547d-b821-344a351f9d71.html,James Rybacki Akshata Kapoor In London Afp,What we know about the UK train stabbings,AFP
cd2ce2fe-e2bd-42f5-88d3-e34ee4a433d1,https://www.bransontrilakesnews.com/news/national/article_d7e4467e-e0c4-5f51-9c17-30028f8f0e1b.html,Afp Afp,Vietnam flood death toll rises to 35: disaster agency,AFP
6d2222ef-c5f7-4206-ab12-864131a2ffea,https://www.griffonnews.com/news/nation/what-we-know-about-the-uk-train-stabbings/article_f2f42e6e-e46d-59a7-9d78-a96d5381126e.html,James Rybacki Akshata Kapoor In London Afp,What we know about the UK train stabbings,AFP
8bd190a0-3406-4098-835e-075585f25f85,https://www.griffonnews.com/news/nation/messi-scores-but-miami-lose-as-nashville-level-mls-cup-playoff-series/article_2c34689c-6c8a-5b19-b336-f95fce6b52fb.html,Afp Afp,Messi scores but Miami lose as Nashville level MLS Cup playoff series,AFP
9e20e476-cf5b-43bd-a55a-2518062d5b97,https://www.webstercountycitizen.com/news/national/article_e6b402a3-539b-5887-b7b0-df18932a48b3.html,Afp Afp,India space agency launches its heaviest satellite,AFP
a79da21e-f264-4148-9d6d-3789b444c212,https://www.griffonnews.com/news/nation/unheard-of-dodgers-in-awe-of-iron-man-yamamoto/article_d66e6ef2-75f7-56e7-8f2b-a63a31c8a9d0.html,Afp Afp,'Unheard of': Dodgers in awe of iron man Yamamoto,AFP
62baac78-96f0-422e-ac4f-f7769311df43,https://www.bransontrilakesnews.com/news/national/article_c12a1015-fb37-5540-aad3-b9450cc3d10f.html,Afp Afp,'Unheard of': Dodgers in awe of iron man Yamamoto,AFP
e4bbd8b0-29c7-4f5c-b398-73de5cca07d4,https://www.bransontrilakesnews.com/news/national/article_e196cb50-f601-5685-9b69-21c1e019b5a5.html,Afp Afp,Pope denounces violence in Sudan, renews call for ceasefire,AFP
c733c035-62cb-4f93-8144-592ad61c9e37,https://www.webstercountycitizen.com/news/national/article_1cc38b8d-7b29-52bf-a123-c84fe9ce99ec.html,Pol-Malo le Bris Afp,OPEC+ further hikes oil output,AFP
1bef01a7-bccd-47a4-9079-b8e6e5948c92,https://www.griffonnews.com/news/nation/pope-denounces-violence-in-sudan-renews-call-for-ceasefire/article_a8882574-4c78-5071-a82a-456fc8c79b60.html,Afp Afp,Pope denounces violence in Sudan, renews call for ceasefire,AFP
fe811019-fa7c-4551-9eb6-5e4e6e2906f7,https://www.griffonnews.com/news/nation/french-fraud-watchdog-reports-shein-for-childlike-sex-dolls/article_207fa1bb-b412-5bc2-a4f7-a642767598ea.html,Afp Afp,French fraud watchdog reports Shein for 'childlike' sex dolls,AFP
6d24e03e-350d-4e6c-a75c-509be8ca7ce6,https://www.bransontrilakesnews.com/news/national/article_e4fdc8cd-03b0-5e20-9486-aa5ab86ddd6f.html,Afp Afp,Siakam sparks injury-hit Pacers to season's first NBA win,AFP
420b5e14-23ea-4cef-9b51-f6de4303f8d5,https://www.webstercountycitizen.com/news/national/article_8ffea758-9d56-5262-a6b9-3a931ed0f09c.html,Afp Afp,Siakam sparks injury-hit Pacers to season's first NBA win,AFP
d177917b-5411-4213-8785-557f1a660c48,https://www.bransontrilakesnews.com/news/national/article_3574573e-4498-504a-b7fa-2c79e9ee041c.html,Afp Afp,Vietnam flood death toll rises to 35: disaster agency,AFP
1b8b3fc1-1de8-435d-bd04-fe1b99180b43,https://www.bransontrilakesnews.com/news/national/article_27f1bdcc-bab3-5cf2-8ccf-45a4789a5bab.html,Afp Afp,Kipruto, Obiri seal Kenyan double at New York Marathon,AFP
0bbcc9e4-6135-4c9e-8e2c-7256b4bde8c4,https://www.bransontrilakesnews.com/news/national/article_9a8b043a-7372-577a-abe0-186c707520c6.html,Afp Afp,Dodgers clinch back-to-back World Series as Blue Jays downed in thriller,AFP
523a7257-19d8-443b-9233-35ce4d83909f,https://www.griffonnews.com/news/nation/vietnam-flood-death-toll-rises-to-35-disaster-agency/article_4503bd49-cc23-5c02-a8cb-efb8be5e1fb7.html,Afp Afp,Vietnam flood death toll rises to 35: disaster agency,AFP
c777acf4-5ab5-4341-b2ec-2675b2cd4d68,https://www.webstercountycitizen.com/news/national/article_21e1cf24-4221-51c1-90a6-029b379de280.html,Afp Afp,Two Louvre heist suspects a couple with children: prosecutor,AFP
b0ef6e03-a78f-456e-8ffc-5a66e9db031f,https://www.griffonnews.com/news/nation/all-blacks-sink-14-man-ireland-26-13-in-chicago-test/article_55dfc4ae-6c98-5232-8e43-97d56b8d723b.html,Afp Afp,All Blacks sink 14-man Ireland 26-13 in Chicago Test,AFP
9f6965a5-d342-427d-847f-6f651b524f4e,https://www.griffonnews.com/news/nation/its-hard---jays-manager-schneider-rues-missed-chances-in-world-series-defeat/article_e1a16767-dfa6-544c-86da-65049c7a7057.html,Afp Afp,'It's hard' - Jays manager Schneider rues missed chances in World Series defeat,AFP
9b04cac7-44ae-4d03-93e4-26b74b161749,https://www.bransontrilakesnews.com/news/national/article_c665d132-6fea-5892-814b-6244aeaffede.html,Afp Afp,India space agency launches its heaviest satellite,AFP
4e743427-b1be-49bd-81ff-79dd272c4f97,https://www.griffonnews.com/news/nation/kipruto-obiri-seal-kenyan-double-at-new-york-marathon/article_593498bc-f59d-533a-ab6d-20d1960879d8.html,Afp Afp,Kipruto, Obiri seal Kenyan double at New York Marathon,AFP
0aebdc62-da6e-44ee-b308-c232270974bc,https://www.webstercountycitizen.com/news/national/article_8be0c51e-dc44-5074-8e80-1b5a9c0f3239.html,Afp Afp,Pope denounces violence in Sudan, renews call for ceasefire,AFP
c0fccc6f-95cf-428c-8d10-7d029b9143f8,https://www.griffonnews.com/news/nation/trump-threatens-military-action-in-nigeria-over-killing-of-christians/article_4f2f9098-0bd9-5d02-abec-af50968aaa4a.html,Afp Afp,Trump threatens military action in Nigeria over killing of Christians,AFP
9be11437-c6f0-4251-9ca9-fa1453157055,https://www.griffonnews.com/news/nation/opec-further-hikes-oil-output/article_d9c6cbbd-8ed6-5172-9b9b-4f7ee9cb535c.html,Pol-Malo le Bris Afp,OPEC+ further hikes oil output,AFP
118a9dc6-62d3-40c8-beac-6db82d1ba42f,https://www.bransontrilakesnews.com/news/national/article_bff30a6b-0dfc-5f23-948a-ae64252b65dc.html,Afp Afp,Two Louvre heist suspects a couple with children: prosecutor,AFP
38210836-22af-451d-957e-a3ef1add6984,https://www.griffonnews.com/news/nation/world-champ-malinin-takes-lead-at-skate-canada/article_bb8f40ae-7ba0-50ba-a542-0eb0614222a6.html,Afp Afp,Chiba wins women's title, Malinin leads at Skate Canada,AFP
3ea61d2d-da20-43b8-9249-b51bef51fbfe,https://www.griffonnews.com/news/nation/ethical-diamond-surges-to-upset-win-in-5-million-breeders-cup-turf/article_eab7ddc9-a59e-5153-b488-7c0db4dc7283.html,Afp Afp,Ethical Diamond surges to upset win in $5 million Breeders' Cup Turf,AFP
85589fb9-7ace-4b08-88ed-a6729821f8a9,https://www.webstercountycitizen.com/news/national/article_6443612c-5e7f-5294-a408-9ee75934248d.html,Afp Afp,Sculpture of Trump strapped to a cross displayed in Switzerland,AFP
cb904018-bfb3-4cc5-ae28-fc59010398f5,https://www.griffonnews.com/news/nation/reeling-from-earthquakes-afghans-fear-coming-winter/article_1776ccf9-4359-5e25-bdf0-fe817b43b7e4.html,Afp Afp,Reeling from earthquakes, Afghans fear coming winter,AFP
3d494a30-770a-4966-a232-9926130af59f,https://www.webstercountycitizen.com/news/national/article_64e5fa86-c591-5490-8a91-7f2fa80ad2fa.html,Afp Afp,Kipruto, Obiri seal Kenyan double at New York Marathon,AFP
403c1cdd-ba44-4c49-84bd-c49c7e7fe3b3,https://www.griffonnews.com/news/nation/two-louvre-heist-suspects-a-couple-with-children-prosecutor/article_f5a29ff6-081c-5f0e-adb5-2e24fd138259.html,Afp Afp,Two Louvre heist suspects a couple with children: prosecutor,AFP
47870da5-e865-46ce-a12e-4ddd6841927e,https://www.griffonnews.com/news/nation/stocks-drop-as-tech-rally-fades/article_e212a66a-d98e-5b72-ab2c-b5e43eb65cd0.html,Afp Afp,Stocks drop as tech rally fades,AFP
06fe13e3-7d58-4c49-98f1-11d696a38d07,https://www.bransontrilakesnews.com/news/national/article_25d477f3-ebdc-566d-a35e-cb16f8f2b07e.html,Afp Afp,NFL-best Colts fall to Steelers, Packers lose to Carolina,AFP
45662c1a-9ac8-46a6-a6a8-ca456a90e4b9,https://www.griffonnews.com/news/nation/malinin-wins-skate-canada-crown-with-stunning-free-skate/article_38c9ea6c-6f60-5f0a-adb3-5b52c8ba2beb.html,Afp Afp,Malinin wins Skate Canada crown with stunning free skate,AFP
05f32d83-980f-497b-aece-aec07b392ebe,https://www.bransontrilakesnews.com/news/national/article_7b248545-8673-5f2b-9635-c96b65f7552e.html,Afp Afp,Malinin wins Skate Canada crown with stunning free skate,AFP
8f05357a-5a78-45f4-b7fa-7b61b4438038,https://www.webstercountycitizen.com/news/national/article_a9762918-0e4d-5618-bd06-d1d49ddc7336.html,Afp Afp,Stocks slip as investors weigh earnings, tariffs,AFP
c43699a9-962b-438d-9cf7-62115a4a6468,https://www.griffonnews.com/news/nation/just-the-beginning-as-india-lift-first-womens-world-cup/article_6678eede-6079-5a7c-b4a4-74b8c7f8c5e1.html,Afp Afp,'Just the beginning' as India lift first Women's World Cup,AFP
7e42ecbd-38f7-4bc0-85e7-7503c0073cfe,https://www.bransontrilakesnews.com/news/national/article_5878401b-f6cc-5efe-83e7-65eb21fcc5f2.html,Afp Afp,'Just the beginning' as India lift first Women's World Cup,AFP
21f0deb7-0d11-4aa1-9ae6-25beab504522,https://www.bransontrilakesnews.com/news/national/article_bb2cab3d-71a0-5e6c-becb-68c959e7d450.html,Afp Afp,Police say 19 held after raid at Swedish start-up Stegra to be deported,AFP
e6af9db4-d0a6-4686-bcfc-3dc335992b04,https://www.webstercountycitizen.com/news/national/article_465caa8b-0881-5979-83e7-4da28ddf7236.html,Afp Afp,Eliud Kipchoge unveils plan to run 7 marathons on 7 continents,AFP
c5aa356c-c228-4dc5-887b-41d75581f942,https://www.bransontrilakesnews.com/news/national/article_b5057e1f-baa3-5c4a-8590-e73366bf878e.html,Afp Afp,Russia jails teen musician over anti-war street songs for third time,AFP
4ee362fa-b1b1-4c0b-be58-50c4b9ffecf2,https://www.griffonnews.com/news/nation/regretting-you-wins-spooky-slow-n-american-box-office/article_f453894f-d690-5c51-abfb-d2849043c583.html,Afp Afp,'Regretting You' wins spooky slow N. American box office,AFP
f968bd9b-7ce3-4638-8ac4-25df13ee95c4,https://www.webstercountycitizen.com/news/national/article_97f5abac-c507-5efd-b252-118be224042d.html,Afp Afp,Malinin wins Skate Canada crown with stunning free skate,AFP
430a13ed-a576-44c9-a516-e25802667293,https://www.griffonnews.com/news/nation/sudan-defence-minister-says-army-to-keep-fighting-after-us-truce-proposal/article_3598dcf0-1556-58a8-bf94-08a84faa4d12.html,Afp Afp,Sudan defence minister says army to keep fighting after US truce proposal,AFP
3381b4d9-f240-48fb-a620-40a5b75efdb3,https://www.griffonnews.com/news/nation/nfl-best-colts-fall-to-steelers-packers-lose-to-carolina/article_f2aa827e-336c-5c6c-a91c-46930677935d.html,Afp Afp,NFL-best Colts fall to Steelers, Packers lose to Carolina,AFP
6d4ad5a3-2a83-496a-8b6f-8a5ee3112e78,https://www.bransontrilakesnews.com/news/national/article_90fd7aa4-ea16-5242-b844-7c742bcd45a6.html,Afp Afp,'Regretting You' wins spooky slow N. American box office,AFP
baf12c64-80ce-4159-9530-ee3bcdc2da3c,https://www.bransontrilakesnews.com/news/national/article_90fd7aa4-ea16-5242-b844-7c742bcd45a6.html,Afp Afp,'Regretting You' wins spooky slow N. American box office,AFP
a7997fcb-64d3-41d7-a089-87dc9a59534a,https://www.bransontrilakesnews.com/news/national/article_3a434ffa-3c19-538a-933e-b5726fc557eb.html,Afp Afp,Cardinals stun Cowboys, end five-game losing streak,AFP
aff8eb16-2f72-4341-ba84-40114d9f6508,https://www.webstercountycitizen.com/news/national/article_49002597-e119-5f2e-8edf-4a7e9ec28249.html,Afp Afp,Bills outlast Chiefs while NFL-best Colts fall to Steelers,AFP
3c09bfde-077c-4d27-8999-580ff1163111,https://www.bransontrilakesnews.com/news/national/article_7618535b-8f72-528e-8c74-f0ad0a1d19c2.html,Afp Afp,Most Asian markets rise on lingering trader optimism,AFP
02d151a8-2619-4727-8053-3aacab20b335,https://www.griffonnews.com/news/nation/andrew-to-lose-his-last-military-rank-defence-minister/article_611f6453-5db3-5a15-a531-7d96c68213c8.html,Afp Afp,Andrew to lose his last military rank: defence minister,AFP
1c70c2ec-037b-491a-b17d-28dd464f3f77,https://www.webstercountycitizen.com/news/national/article_48180fba-e527-58df-ac0d-2582b1538cf4.html,Afp Afp,Bouanga brace as LAFC beats Austin 4-1 to advance in MLS Cup playoffs,AFP
e5d789b6-e8ec-4bf1-8826-d8583c6abcf6,https://www.griffonnews.com/news/nation/iran-banking-on-iraq-vote-to-retain-regional-influence/article_fd7fe5a1-a81d-52b2-ad8f-39ead9eadabe.html,Afp Afp,Iran banking on Iraq vote to retain regional influence,AFP
c9816f84-622a-4545-9097-880ed8cc9cbd,https://www.bransontrilakesnews.com/news/national/article_e9de12a4-a851-5a60-9c66-2d57664eb007.html,Afp Afp,Andrew to lose his last military rank: defence minister,AFP
2ef10500-8e02-453e-9fac-600a69c5a8ba,https://www.bransontrilakesnews.com/news/national/article_38de90c0-1a12-5606-a5f5-f7e76ab25746.html,Afp Afp,Bouanga brace as LAFC beats Austin 4-1 to advance in MLS Cup playoffs,AFP
5b8c255e-33ba-4bb3-9963-b6b410b3cb30,https://www.griffonnews.com/news/nation/bouanga-brace-as-lafc-beats-austin-4-1-to-advance-in-mls-cup-playoffs/article_3732ddee-37fc-57cf-b2de-0de273033129.html,Afp Afp,Bouanga brace as LAFC beats Austin 4-1 to advance in MLS Cup playoffs,AFP
9e7d85d5-ac60-43fe-9fa9-149de6e5095e,https://www.griffonnews.com/news/nation/bills-outlast-chiefs-while-nfl-best-colts-fall-to-steelers/article_f2aa827e-336c-5c6c-a91c-46930677935d.html,Afp Afp,Bills outlast Chiefs while NFL-best Colts fall to Steelers,AFP
2e822146-5ecb-4a76-8e42-909444617cf1,https://www.bransontrilakesnews.com/news/national/article_c532ab10-f203-5c7e-8d30-66d97a4ee330.html,Afp Afp,Thunder roll over Pelicans to remain NBA's lone unbeaten team,AFP
1ee35d33-ea2f-475b-9f21-fbf6fe3d354c,https://www.griffonnews.com/news/nation/most-asian-markets-rise-on-lingering-trader-optimism/article_6fa892ef-11ef-5236-b9fb-79069a3e740c.html,Afp Afp,Most Asian markets rise on lingering trader optimism,AFP
bca9b62b-b563-4b95-b315-d27bf8bbdcfd,https://www.griffonnews.com/news/nation/most-asian-markets-rise-on-lingering-trader-optimism/article_6fa892ef-11ef-5236-b9fb-79069a3e740c.html,Afp Afp,Most Asian markets rise on lingering trader optimism,AFP
338f6b1d-73be-4184-8fc6-039cebdd28bd,https://www.griffonnews.com/news/nation/thunder-roll-over-pelicans-to-remain-nbas-lone-unbeaten-team/article_354385da-9fbe-5d56-9684-c64d8f7b480c.html,Afp Afp,Thunder roll over Pelicans to remain NBA's lone unbeaten team,AFP
028bfd51-e4c3-4769-b657-63cbae8b5db6,https://www.bransontrilakesnews.com/news/national/article_341daa12-a795-5230-8123-2fb6f2fba6ba.html,Afp Afp,Bezos's Blue Origin postpones rocket launch over weather,AFP
d6bb651b-7faf-437e-b3b0-43436b266333,https://www.griffonnews.com/news/nation/us-supreme-court-backs-trump-admins-passport-gender-policy/article_e14721ee-541c-5ac9-90e1-7c571146b037.html,Afp Afp,US Supreme Court backs Trump admin's passport gender policy,AFP
e243a94a-d993-4187-bfdd-a1ca5c977e10,https://www.griffonnews.com/news/nation/stocks-slip-as-investors-weigh-earnings-tariffs/article_014c7d3a-034e-58bf-aa30-2f0bb081cd09.html,Afp Afp,Stocks slip as investors weigh earnings, tariffs,AFP
76b6e284-4800-4de0-9a79-b321a485008c,https://www.griffonnews.com/news/nation/police-say-19-held-after-raid-at-swedish-start-up-stegra-to-be-deported/article_b97fa1a5-b891-5ea8-97ee-a8f377ccf986.html,Afp Afp,Police say 19 held after raid at Swedish start-up Stegra to be deported,AFP
cc00b817-4b72-454e-ae4e-08a06814e6bc,https://www.webstercountycitizen.com/news/national/article_9d03013c-1f41-53f0-a6c7-e571794381d8.html,Afp Afp,Police say 19 held after raid at Swedish start-up Stegra to be deported,AFP
60100061-3d22-4b86-9d70-2a3abd1ddcaf,https://www.bransontrilakesnews.com/news/national/article_d949df9f-be6a-548c-bee5-e2bc64a87668.html,Afp Afp,Stocks slip as investors weigh earnings, tariffs,AFP
cfbd2c5e-e3e0-49bb-a0b2-4e3b103c100d,https://www.bransontrilakesnews.com/news/national/article_0ce83d5d-c1a7-54fb-9b05-ccf8549d5408.html,Afp Afp,Venus Williams to return to Auckland Classic at the age of 45,AFP
af035729-9932-4ccf-b210-6809ec2fa6e8,https://www.webstercountycitizen.com/news/national/article_822e624e-9bad-55f5-8b86-68082c3b6418.html,Afp Afp,Cardinals stun Cowboys, end five-game losing streak,AFP
925b6e49-01b3-41d3-8b49-ec4e9a2c0c69,https://www.bransontrilakesnews.com/news/national/article_5a9f7adf-4620-50af-8cfa-2c59cb39fc0d.html,Afp Afp,Merz backs EU plan to protect steel sector from Chinese imports,AFP
160aa14f-4668-4baf-a39d-befff5adf210,https://www.bransontrilakesnews.com/news/national/article_48d1c607-3ffc-5c69-8852-29320c314743.html,Afp Afp,MLB Padres name former reliever Stammen new manager,AFP
fa1ec162-4c18-4702-afd6-fcc9439d29a9,https://www.griffonnews.com/news/nation/merz-backs-eu-plan-to-protect-steel-sector-from-chinese-imports/article_1a99a6cc-bb0f-5e35-be2a-6e2111bdc4cb.html,Afp Afp,Merz backs EU plan to protect steel sector from Chinese imports,AFP
5dd80a36-4891-4527-8f7c-e85e92404b0f,https://www.griffonnews.com/news/nation/ex-nba-player-once-close-to-lebron-james-pleads-not-guilty-to-gambling-crimes/article_011844cc-9ce2-52d7-a163-042b1ba45428.html,Afp Afp,Ex-NBA player once close to LeBron James pleads not guilty to gambling crimes,AFP
Detected 239/245 as wire
2e0059c5-5302-4b2d-9465-704d465e603b,https://www.webstercountycitizen.com/news/national/article_34406e3e-1ab7-555f-a4b8-9edbcb498d4d.html,Afp Afp,NBA officials brief Congress committee over gambling probe,AFP
